Campaign,Campaign Type,Budget,Budget Type,Bid Strategy Type,Networks,Languages,Locations,Ad Group,Max CPC,Keyword,Match Type,Final URL,Headline 1,Headline 2,Headline 3,Headline 4,Headline 5,Description 1,Description 2,Path 1,Path 2
Realscale - Virtual Staging Core,Search,30,Daily,Maximize Conversions,Google search,en,United States,Virtual Staging Generic,,virtual staging,Phrase,https://realscale.app/agents,Virtual Staging in 2 Hours,$89 Per Listing - Not Per Photo,NAR-Compliant Disclosure,Free Preview - No Signup,Beat BoxBrownie on Speed,Paste any Zillow URL. Free AI-staged before/after in seconds. Pay $89 per listing only when you order. NAR disclosure baked in.,12-15 photos. <2 hour delivery. 14-day refund. Built for solo agents and small teams.,virtual,staging
Realscale - Virtual Staging Core,Search,30,Daily,Maximize Conversions,Google search,en,United States,Virtual Staging Generic,,virtual staging ai,Phrase,https://realscale.app/agents,AI Virtual Staging Service,Stage Listings in <2 Hours,$89 Flat - Not Per Photo,NAR-Compliant Output,Free Preview First,Paste any Zillow URL. Free AI-staged before/after in seconds. Pay $89 per listing only when you order. NAR disclosure baked in.,12-15 photos. <2 hour delivery. 14-day refund. Built for solo agents and small teams.,virtual,staging
Realscale - Virtual Staging Core,Search,30,Daily,Maximize Conversions,Google search,en,United States,Virtual Staging Generic,,ai virtual staging,Phrase,https://realscale.app/agents,AI Virtual Staging Service,Stage Listings in <2 Hours,$89 Flat - Not Per Photo,NAR-Compliant Output,Free Preview First,Paste any Zillow URL. Free AI-staged before/after in seconds. Pay $89 per listing only when you order. NAR disclosure baked in.,12-15 photos. <2 hour delivery. 14-day refund. Built for solo agents and small teams.,virtual,staging
Realscale - Virtual Staging Core,Search,30,Daily,Maximize Conversions,Google search,en,United States,Virtual Staging Generic,,virtual staging service,Phrase,https://realscale.app/agents,Virtual Staging Service,Stage Whole Listing $89,<2 Hour Turnaround,Pay Only When You Order,No Subscription Trap,Paste any Zillow URL. Free AI-staged before/after in seconds. Pay $89 per listing only when you order. NAR disclosure baked in.,12-15 photos. <2 hour delivery. 14-day refund. Built for solo agents and small teams.,virtual,staging
Realscale - Virtual Staging Core,Search,30,Daily,Maximize Conversions,Google search,en,United States,Virtual Staging Generic,,virtual staging real estate,Phrase,https://realscale.app/agents,Real Estate Virtual Staging,Same-Day Photo Enhancement,$89 Per Listing Total,Better Than BoxBrownie,Free Preview First,Paste any Zillow URL. Free AI-staged before/after in seconds. Pay $89 per listing only when you order. NAR disclosure baked in.,12-15 photos. <2 hour delivery. 14-day refund. Built for solo agents and small teams.,real-estate,staging
Realscale - Virtual Staging Core,Search,30,Daily,Maximize Conversions,Google search,en,United States,Virtual Staging Generic,,virtual home staging,Phrase,https://realscale.app/agents,Virtual Home Staging,Stage Whole Listing $89,<2 Hour Delivery,NAR-Compliant Output,Free Preview First,Paste any Zillow URL. Free AI-staged before/after in seconds. Pay $89 per listing only when you order. NAR disclosure baked in.,12-15 photos. <2 hour delivery. 14-day refund. Built for solo agents and small teams.,virtual,staging
Realscale - Photo Enhancement,Search,20,Daily,Maximize Conversions,Google search,en,United States,Real Estate Photos,,real estate photo enhancement,Phrase,https://realscale.app/agents,MLS Photo Enhancement,Stage Listings in <2 Hours,$89 Per Listing Flat,Free Preview - Try It,No Per-Photo Fees,Paste any Zillow URL. Free AI-staged before/after in seconds. Pay $89 per listing only when you order. NAR disclosure baked in.,12-15 photos. <2 hour delivery. 14-day refund. Built for solo agents and small teams.,real-estate,photos
Realscale - Photo Enhancement,Search,20,Daily,Maximize Conversions,Google search,en,United States,Real Estate Photos,,mls photo enhancement,Phrase,https://realscale.app/agents,MLS Photo Enhancement,Same-Day Listing Photos,$89 Whole Listing Edit,Free Preview First,No Subscription,Paste any Zillow URL. Free AI-staged before/after in seconds. Pay $89 per listing only when you order. NAR disclosure baked in.,12-15 photos. <2 hour delivery. 14-day refund. Built for solo agents and small teams.,mls,photos
Realscale - Photo Enhancement,Search,20,Daily,Maximize Conversions,Google search,en,United States,Real Estate Photos,,zillow photo edit,Phrase,https://realscale.app/agents,Edit Your Zillow Photos,$89 Per Listing - All Photos,<2 Hour Turnaround,Free Preview First,No Subscription Trap,Paste any Zillow URL. Free AI-staged before/after in seconds. Pay $89 per listing only when you order. NAR disclosure baked in.,12-15 photos. <2 hour delivery. 14-day refund. Built for solo agents and small teams.,zillow,photos
Realscale - Twilight Conversion,Search,15,Daily,Maximize Conversions,Google search,en,United States,Twilight Photos,,twilight photo conversion,Phrase,https://realscale.app/agents,AI Twilight Conversion,$49 Per Photo - <2hrs,Cinematic Sky Replacement,Geometry-Preserving,Free Sample First,Convert daytime exteriors into golden-hour twilight in <2 hours. Sky replacement, warm window glow, soft golden-hour lighting on the facade.,From $49/photo. Geometry-preserving. NAR disclosure stamped on every output.,twilight,exterior
Realscale - Twilight Conversion,Search,15,Daily,Maximize Conversions,Google search,en,United States,Twilight Photos,,real estate twilight editing,Phrase,https://realscale.app/agents,Real Estate Twilight Edit,$49 Per Photo Twilight,<2 Hour Turnaround,Sky Replacement Included,Free Sample First,Convert daytime exteriors into golden-hour twilight in <2 hours. Sky replacement, warm window glow, soft golden-hour lighting on the facade.,From $49/photo. Geometry-preserving. NAR disclosure stamped on every output.,twilight,exterior
Realscale - Competitor Conquest,Search,15,Daily,Maximize Conversions,Google search,en,United States,Competitors,,boxbrownie alternative,Phrase,https://realscale.app/agents,BoxBrownie Alternative,$89 Per Listing Not Per Photo,<2 Hour Delivery,No Subscription,Free Preview - No Signup,Tired of $32 per photo and 24-48 hour turnaround? Realscale: $89 for the whole listing under 2 hours.,Same-quality output. NAR disclosure baked in. 14-day refund guarantee.,boxbrownie,alternative
Realscale - Competitor Conquest,Search,15,Daily,Maximize Conversions,Google search,en,United States,Competitors,,virtualstagingai alternative,Phrase,https://realscale.app/agents,VirtualStagingAI Alternative,No Subscription Required,$89 Per Listing All Photos,Paste a Zillow URL,Pay Only When Sold,No subscription. No upload. Paste your Zillow URL get staged photos in 2 hours. $89 per listing.,Better than uploading photos to a SaaS. NAR disclosure stamped on every output.,vsai,alternative
Realscale - Competitor Conquest,Search,15,Daily,Maximize Conversions,Google search,en,United States,Competitors,,apply design alternative,Phrase,https://realscale.app/agents,Apply Design Alternative,$89 Per Listing Flat,No Per-Photo Fees,<2 Hour Turnaround,Free Preview - No Signup,Tired of per-photo fees? Realscale: $89 for the whole listing under 2 hours.,NAR disclosure baked in. Free preview before you pay. 14-day refund.,apply-design,alternative
